{
  "auth": {
    "esportspro19acce39": {
      "service": "Cognito",
      "providerPlugin": "awscloudformation",
      "dependsOn": [],
      "customAuth": false,
      "frontendAuthConfig": {
        "socialProviders": [],
        "usernameAttributes": [],
        "signupAttributes": [
          "EMAIL"
        ],
        "passwordProtectionSettings": {
          "passwordPolicyMinLength": 8,
          "passwordPolicyCharacters": []
        },
        "mfaConfiguration": "OFF",
        "mfaTypes": [
          "SMS"
        ],
        "verificationMechanisms": [
          "EMAIL"
        ]
      }
    }
  },
  "api": {
    "esportspro": {
      "service": "AppSync",
      "providerPlugin": "awscloudformation",
      "output": {
        "authConfig": {
          "defaultAuthentication": {
            "authenticationType": "API_KEY",
            "apiKeyConfig": {
              "apiKeyExpirationDays": 300,
              "apiKeyExpirationDate": "2023-01-02T15:55:47.613Z",
              "description": "public"
            }
          },
          "additionalAuthenticationProviders": [
            {
              "authenticationType": "AMAZON_COGNITO_USER_POOLS",
              "userPoolConfig": {
                "userPoolId": "authesportspro19acce39"
              }
            },
            {
              "authenticationType": "AWS_IAM"
            }
          ]
        }
      }
    }
  },
  "function": {
    "S3Triggera9d31577": {
      "service": "Lambda",
      "providerPlugin": "awscloudformation",
      "build": true
    }
  },
  "storage": {
    "s33cba41a9EsportsPro": {
      "service": "S3",
      "providerPlugin": "awscloudformation",
      "dependsOn": [
        {
          "category": "function",
          "resourceName": "S3Triggera9d31577",
          "attributes": [
            "Name",
            "Arn",
            "LambdaExecutionRole"
          ]
        }
      ]
    }
  }
}